<?xml version="1.0" ?>
<LOG_ROOT>
	<PROJECT NAME="main">
		<CBX_INST_ENTRY INSTANCE_NAME="|main|xCalc:test5|y1Calc:andNowY|lpm_mult:Mult0" CBX_FILE_NAME="mult_f1t.tdf"/>
		<CBX_INST_ENTRY INSTANCE_NAME="|main|ranging_module:rangeThirdA|lpm_divide:Div0" CBX_FILE_NAME="lpm_divide_cem.tdf"/>
		<CBX_INST_ENTRY INSTANCE_NAME="|main|xCalc:test5|lpm_divide:Div0" CBX_FILE_NAME="lpm_divide_ufm.tdf"/>
		<CBX_INST_ENTRY INSTANCE_NAME="|main|xCalc:test5|lpm_mult:Mult0" CBX_FILE_NAME="mult_d8t.tdf"/>
		<CBX_INST_ENTRY INSTANCE_NAME="|main|xCalc:test5|y1Calc:andNowY|lpm_mult:Mult1" CBX_FILE_NAME="mult_d8t.tdf"/>
		<CBX_INST_ENTRY INSTANCE_NAME="|main|ranging_module:rangeFirstA|lpm_divide:Div0" CBX_FILE_NAME="lpm_divide_cem.tdf"/>
		<CBX_INST_ENTRY INSTANCE_NAME="|main|ranging_module:rangeSecondA|lpm_divide:Div0" CBX_FILE_NAME="lpm_divide_cem.tdf"/>
		<CBX_INST_ENTRY INSTANCE_NAME="|main|xCalc:test5|lpm_mult:Mult1" CBX_FILE_NAME="mult_d8t.tdf"/>
		<CBX_INST_ENTRY INSTANCE_NAME="|main|xCalc:test5|y1Calc:andNowY|lpm_mult:Mult2" CBX_FILE_NAME="mult_f1t.tdf"/>
		<CBX_INST_ENTRY INSTANCE_NAME="|main|xCalc:test5|y1Calc:andNowY|sqrtModule:giveMeTheSqrt|lpm_mult:Mult0" CBX_FILE_NAME="mult_d8t.tdf"/>
	</PROJECT>
</LOG_ROOT>
